Country Name,Country Code,Series,Series Code,2014 [YR2014]
Afghanistan,AFG,"Adjusted net enrolment rate, lower secondary, female (%)",UIS.NERA.2.F,37.6415405273438
Afghanistan,AFG,"Adjusted net enrolment rate, lower secondary, male (%)",UIS.NERA.2.M,62.9069519042969
Albania,ALB,"Adjusted net enrolment rate, lower secondary, female (%)",UIS.NERA.2.F,88.1334228515625
Albania,ALB,"Adjusted net enrolment rate, lower secondary, male (%)",UIS.NERA.2.M,89.3836212158203
Algeria,DZA,"Adjusted net enrolment rate, lower secondary, female (%)",UIS.NERA.2.F,..
Algeria,DZA,"Adjusted net enrolment rate, lower secondary, male (%)",UIS.NERA.2.M,..
American Samoa,ASM,"Adjusted net enrolment rate, lower secondary, female (%)",UIS.NERA.2.F,..
American Samoa,ASM,"Adjusted net enrolment rate, lower secondary, male (%)",UIS.NERA.2.M,..
Andorra,AND,"Adjusted net enrolment rate, lower secondary, female (%)",UIS.NERA.2.F,..
Andorra,AND,"Adjusted net enrolment rate, lower secondary, male (%)",UIS.NERA.2.M,..
Angola,AGO,"Adjusted net enrolment rate, lower secondary, female (%)",UIS.NERA.2.F,..
Angola,AGO,"Adjusted net enrolment rate, lower secondary, male (%)",UIS.NERA.2.M,..
Antigua and Barbuda,ATG,"Adjusted net enrolment rate, lower secondary, female (%)",UIS.NERA.2.F,80.8336868286133
Antigua and Barbuda,ATG,"Adjusted net enrolment rate, lower secondary, male (%)",UIS.NERA.2.M,73.8455123901367
Arab World,ARB,"Adjusted net enrolment rate, lower secondary, female (%)",UIS.NERA.2.F,..
Arab World,ARB,"Adjusted net enrolment rate, lower secondary, male (%)",UIS.NERA.2.M,..
Argentina,ARG,"Adjusted net enrolment rate, lower secondary, female (%)",UIS.NERA.2.F,..
Argentina,ARG,"Adjusted net enrolment rate, lower secondary, male (%)",UIS.NERA.2.M,..
Armenia,ARM,"Adjusted net enrolment rate, lower secondary, female (%)",UIS.NERA.2.F,..
Armenia,ARM,"Adjusted net enrolment rate, lower secondary, male (%)",UIS.NERA.2.M,..
Aruba,ABW,"Adjusted net enrolment rate, lower secondary, female (%)",UIS.NERA.2.F,..
Aruba,ABW,"Adjusted net enrolment rate, lower secondary, male (%)",UIS.NERA.2.M,..
Australia,AUS,"Adjusted net enrolment rate, lower secondary, female (%)",UIS.NERA.2.F,..
Australia,AUS,"Adjusted net enrolment rate, lower secondary, male (%)",UIS.NERA.2.M,..
Austria,AUT,"Adjusted net enrolment rate, lower secondary, female (%)",UIS.NERA.2.F,..
Austria,AUT,"Adjusted net enrolment rate, lower secondary, male (%)",UIS.NERA.2.M,..
Azerbaijan,AZE,"Adjusted net enrolment rate, lower secondary, female (%)",UIS.NERA.2.F,80.5569000244141
Azerbaijan,AZE,"Adjusted net enrolment rate, lower secondary, male (%)",UIS.NERA.2.M,82.9541625976563
"Bahamas, The",BHS,"Adjusted net enrolment rate, lower secondary, female (%)",UIS.NERA.2.F,..
"Bahamas, The",BHS,"Adjusted net enrolment rate, lower secondary, male (%)",UIS.NERA.2.M,..
Bahrain,BHR,"Adjusted net enrolment rate, lower secondary, female (%)",UIS.NERA.2.F,..
Bahrain,BHR,"Adjusted net enrolment rate, lower secondary, male (%)",UIS.NERA.2.M,..
Bangladesh,BGD,"Adjusted net enrolment rate, lower secondary, female (%)",UIS.NERA.2.F,..
Bangladesh,BGD,"Adjusted net enrolment rate, lower secondary, male (%)",UIS.NERA.2.M,..
Barbados,BRB,"Adjusted net enrolment rate, lower secondary, female (%)",UIS.NERA.2.F,94.8897171020508
Barbados,BRB,"Adjusted net enrolment rate, lower secondary, male (%)",UIS.NERA.2.M,96.2483825683594
Belarus,BLR,"Adjusted net enrolment rate, lower secondary, female (%)",UIS.NERA.2.F,95.6752319335938
Belarus,BLR,"Adjusted net enrolment rate, lower secondary, male (%)",UIS.NERA.2.M,95.4870376586914
Belgium,BEL,"Adjusted net enrolment rate, lower secondary, female (%)",UIS.NERA.2.F,88.2161483764648
Belgium,BEL,"Adjusted net enrolment rate, lower secondary, male (%)",UIS.NERA.2.M,86.3300018310547
Belize,BLZ,"Adjusted net enrolment rate, lower secondary, female (%)",UIS.NERA.2.F,77.9367370605469
Belize,BLZ,"Adjusted net enrolment rate, lower secondary, male (%)",UIS.NERA.2.M,73.5776824951172
Benin,BEN,"Adjusted net enrolment rate, lower secondary, female (%)",UIS.NERA.2.F,..
Benin,BEN,"Adjusted net enrolment rate, lower secondary, male (%)",UIS.NERA.2.M,..
Bermuda,BMU,"Adjusted net enrolment rate, lower secondary, female (%)",UIS.NERA.2.F,..
Bermuda,BMU,"Adjusted net enrolment rate, lower secondary, male (%)",UIS.NERA.2.M,..
Bhutan,BTN,"Adjusted net enrolment rate, lower secondary, female (%)",UIS.NERA.2.F,66.5970077514648
Bhutan,BTN,"Adjusted net enrolment rate, lower secondary, male (%)",UIS.NERA.2.M,57.8457984924316
Bolivia,BOL,"Adjusted net enrolment rate, lower secondary, female (%)",UIS.NERA.2.F,..
Bolivia,BOL,"Adjusted net enrolment rate, lower secondary, male (%)",UIS.NERA.2.M,..
Bosnia and Herzegovina,BIH,"Adjusted net enrolment rate, lower secondary, female (%)",UIS.NERA.2.F,..
Bosnia and Herzegovina,BIH,"Adjusted net enrolment rate, lower secondary, male (%)",UIS.NERA.2.M,..
Botswana,BWA,"Adjusted net enrolment rate, lower secondary, female (%)",UIS.NERA.2.F,..
Botswana,BWA,"Adjusted net enrolment rate, lower secondary, male (%)",UIS.NERA.2.M,..
Brazil,BRA,"Adjusted net enrolment rate, lower secondary, female (%)",UIS.NERA.2.F,..
Brazil,BRA,"Adjusted net enrolment rate, lower secondary, male (%)",UIS.NERA.2.M,..
British Virgin Islands,VGB,"Adjusted net enrolment rate, lower secondary, female (%)",UIS.NERA.2.F,..
British Virgin Islands,VGB,"Adjusted net enrolment rate, lower secondary, male (%)",UIS.NERA.2.M,..
Brunei Darussalam,BRN,"Adjusted net enrolment rate, lower secondary, female (%)",UIS.NERA.2.F,90.2810821533203
Brunei Darussalam,BRN,"Adjusted net enrolment rate, lower secondary, male (%)",UIS.NERA.2.M,87.8916473388672
Bulgaria,BGR,"Adjusted net enrolment rate, lower secondary, female (%)",UIS.NERA.2.F,96.301628112793
Bulgaria,BGR,"Adjusted net enrolment rate, lower secondary, male (%)",UIS.NERA.2.M,96.2315292358398
Burkina Faso,BFA,"Adjusted net enrolment rate, lower secondary, female (%)",UIS.NERA.2.F,..
Burkina Faso,BFA,"Adjusted net enrolment rate, lower secondary, male (%)",UIS.NERA.2.M,..
Burundi,BDI,"Adjusted net enrolment rate, lower secondary, female (%)",UIS.NERA.2.F,21.8941707611084
Burundi,BDI,"Adjusted net enrolment rate, lower secondary, male (%)",UIS.NERA.2.M,19.5083904266357
Cabo Verde,CPV,"Adjusted net enrolment rate, lower secondary, female (%)",UIS.NERA.2.F,73.7218170166016
Cabo Verde,CPV,"Adjusted net enrolment rate, lower secondary, male (%)",UIS.NERA.2.M,63.1466102600098
Cambodia,KHM,"Adjusted net enrolment rate, lower secondary, female (%)",UIS.NERA.2.F,46.1247787475586
Cambodia,KHM,"Adjusted net enrolment rate, lower secondary, male (%)",UIS.NERA.2.M,41.7341194152832
Cameroon,CMR,"Adjusted net enrolment rate, lower secondary, female (%)",UIS.NERA.2.F,41.1498489379883
Cameroon,CMR,"Adjusted net enrolment rate, lower secondary, male (%)",UIS.NERA.2.M,45.29248046875
Canada,CAN,"Adjusted net enrolment rate, lower secondary, female (%)",UIS.NERA.2.F,..
Canada,CAN,"Adjusted net enrolment rate, lower secondary, male (%)",UIS.NERA.2.M,..
Cayman Islands,CYM,"Adjusted net enrolment rate, lower secondary, female (%)",UIS.NERA.2.F,..
Cayman Islands,CYM,"Adjusted net enrolment rate, lower secondary, male (%)",UIS.NERA.2.M,..
Central African Republic,CAF,"Adjusted net enrolment rate, lower secondary, female (%)",UIS.NERA.2.F,..
Central African Republic,CAF,"Adjusted net enrolment rate, lower secondary, male (%)",UIS.NERA.2.M,..
Chad,TCD,"Adjusted net enrolment rate, lower secondary, female (%)",UIS.NERA.2.F,..
Chad,TCD,"Adjusted net enrolment rate, lower secondary, male (%)",UIS.NERA.2.M,..
Channel Islands,CHI,"Adjusted net enrolment rate, lower secondary, female (%)",UIS.NERA.2.F,..
Channel Islands,CHI,"Adjusted net enrolment rate, lower secondary, male (%)",UIS.NERA.2.M,..
Chile,CHL,"Adjusted net enrolment rate, lower secondary, female (%)",UIS.NERA.2.F,82.7778472900391
Chile,CHL,"Adjusted net enrolment rate, lower secondary, male (%)",UIS.NERA.2.M,76.688117980957
China,CHN,"Adjusted net enrolment rate, lower secondary, female (%)",UIS.NERA.2.F,..
China,CHN,"Adjusted net enrolment rate, lower secondary, male (%)",UIS.NERA.2.M,..
Colombia,COL,"Adjusted net enrolment rate, lower secondary, female (%)",UIS.NERA.2.F,82.7165908813477
Colombia,COL,"Adjusted net enrolment rate, lower secondary, male (%)",UIS.NERA.2.M,75.2889785766602
Comoros,COM,"Adjusted net enrolment rate, lower secondary, female (%)",UIS.NERA.2.F,..
Comoros,COM,"Adjusted net enrolment rate, lower secondary, male (%)",UIS.NERA.2.M,..
"Congo, Dem. Rep.",COD,"Adjusted net enrolment rate, lower secondary, female (%)",UIS.NERA.2.F,..
"Congo, Dem. Rep.",COD,"Adjusted net enrolment rate, lower secondary, male (%)",UIS.NERA.2.M,..
"Congo, Rep.",COG,"Adjusted net enrolment rate, lower secondary, female (%)",UIS.NERA.2.F,..
"Congo, Rep.",COG,"Adjusted net enrolment rate, lower secondary, male (%)",UIS.NERA.2.M,..
Costa Rica,CRI,"Adjusted net enrolment rate, lower secondary, female (%)",UIS.NERA.2.F,77.9326477050781
Costa Rica,CRI,"Adjusted net enrolment rate, lower secondary, male (%)",UIS.NERA.2.M,73.7496719360352
Cote d'Ivoire,CIV,"Adjusted net enrolment rate, lower secondary, female (%)",UIS.NERA.2.F,..
Cote d'Ivoire,CIV,"Adjusted net enrolment rate, lower secondary, male (%)",UIS.NERA.2.M,..
Croatia,HRV,"Adjusted net enrolment rate, lower secondary, female (%)",UIS.NERA.2.F,98.5386962890625
Croatia,HRV,"Adjusted net enrolment rate, lower secondary, male (%)",UIS.NERA.2.M,96.0156478881836
Cuba,CUB,"Adjusted net enrolment rate, lower secondary, female (%)",UIS.NERA.2.F,..
Cuba,CUB,"Adjusted net enrolment rate, lower secondary, male (%)",UIS.NERA.2.M,..
Curacao,CUW,"Adjusted net enrolment rate, lower secondary, female (%)",UIS.NERA.2.F,..
Curacao,CUW,"Adjusted net enrolment rate, lower secondary, male (%)",UIS.NERA.2.M,..
Cyprus,CYP,"Adjusted net enrolment rate, lower secondary, female (%)",UIS.NERA.2.F,96.9201431274414
Cyprus,CYP,"Adjusted net enrolment rate, lower secondary, male (%)",UIS.NERA.2.M,95.8527297973633
Czech Republic,CZE,"Adjusted net enrolment rate, lower secondary, female (%)",UIS.NERA.2.F,..
Czech Republic,CZE,"Adjusted net enrolment rate, lower secondary, male (%)",UIS.NERA.2.M,..
Denmark,DNK,"Adjusted net enrolment rate, lower secondary, female (%)",UIS.NERA.2.F,93.5852584838867
Denmark,DNK,"Adjusted net enrolment rate, lower secondary, male (%)",UIS.NERA.2.M,88.6144638061523
Djibouti,DJI,"Adjusted net enrolment rate, lower secondary, female (%)",UIS.NERA.2.F,..
Djibouti,DJI,"Adjusted net enrolment rate, lower secondary, male (%)",UIS.NERA.2.M,..
Dominica,DMA,"Adjusted net enrolment rate, lower secondary, female (%)",UIS.NERA.2.F,..
Dominica,DMA,"Adjusted net enrolment rate, lower secondary, male (%)",UIS.NERA.2.M,..
Dominican Republic,DOM,"Adjusted net enrolment rate, lower secondary, female (%)",UIS.NERA.2.F,66.6445999145508
Dominican Republic,DOM,"Adjusted net enrolment rate, lower secondary, male (%)",UIS.NERA.2.M,52.7685203552246
East Asia & Pacific,EAS,"Adjusted net enrolment rate, lower secondary, female (%)",UIS.NERA.2.F,..
East Asia & Pacific,EAS,"Adjusted net enrolment rate, lower secondary, male (%)",UIS.NERA.2.M,..
East Asia & Pacific (excluding high income),EAP,"Adjusted net enrolment rate, lower secondary, female (%)",UIS.NERA.2.F,..
East Asia & Pacific (excluding high income),EAP,"Adjusted net enrolment rate, lower secondary, male (%)",UIS.NERA.2.M,..
Ecuador,ECU,"Adjusted net enrolment rate, lower secondary, female (%)",UIS.NERA.2.F,..
Ecuador,ECU,"Adjusted net enrolment rate, lower secondary, male (%)",UIS.NERA.2.M,..
"Egypt, Arab Rep.",EGY,"Adjusted net enrolment rate, lower secondary, female (%)",UIS.NERA.2.F,88.9938278198242
"Egypt, Arab Rep.",EGY,"Adjusted net enrolment rate, lower secondary, male (%)",UIS.NERA.2.M,84.3591690063477
El Salvador,SLV,"Adjusted net enrolment rate, lower secondary, female (%)",UIS.NERA.2.F,74.9375076293945
El Salvador,SLV,"Adjusted net enrolment rate, lower secondary, male (%)",UIS.NERA.2.M,68.998420715332
Equatorial Guinea,GNQ,"Adjusted net enrolment rate, lower secondary, female (%)",UIS.NERA.2.F,..
Equatorial Guinea,GNQ,"Adjusted net enrolment rate, lower secondary, male (%)",UIS.NERA.2.M,..
Eritrea,ERI,"Adjusted net enrolment rate, lower secondary, female (%)",UIS.NERA.2.F,..
Eritrea,ERI,"Adjusted net enrolment rate, lower secondary, male (%)",UIS.NERA.2.M,..
Estonia,EST,"Adjusted net enrolment rate, lower secondary, female (%)",UIS.NERA.2.F,..
Estonia,EST,"Adjusted net enrolment rate, lower secondary, male (%)",UIS.NERA.2.M,..
Ethiopia,ETH,"Adjusted net enrolment rate, lower secondary, female (%)",UIS.NERA.2.F,..
Ethiopia,ETH,"Adjusted net enrolment rate, lower secondary, male (%)",UIS.NERA.2.M,..
Euro area,EMU,"Adjusted net enrolment rate, lower secondary, female (%)",UIS.NERA.2.F,..
Euro area,EMU,"Adjusted net enrolment rate, lower secondary, male (%)",UIS.NERA.2.M,..
Europe & Central Asia,ECS,"Adjusted net enrolment rate, lower secondary, female (%)",UIS.NERA.2.F,..
Europe & Central Asia,ECS,"Adjusted net enrolment rate, lower secondary, male (%)",UIS.NERA.2.M,..
Europe & Central Asia (excluding high income),ECA,"Adjusted net enrolment rate, lower secondary, female (%)",UIS.NERA.2.F,..
Europe & Central Asia (excluding high income),ECA,"Adjusted net enrolment rate, lower secondary, male (%)",UIS.NERA.2.M,..
European Union,EUU,"Adjusted net enrolment rate, lower secondary, female (%)",UIS.NERA.2.F,..
European Union,EUU,"Adjusted net enrolment rate, lower secondary, male (%)",UIS.NERA.2.M,..
Faroe Islands,FRO,"Adjusted net enrolment rate, lower secondary, female (%)",UIS.NERA.2.F,..
Faroe Islands,FRO,"Adjusted net enrolment rate, lower secondary, male (%)",UIS.NERA.2.M,..
Fiji,FJI,"Adjusted net enrolment rate, lower secondary, female (%)",UIS.NERA.2.F,..
Fiji,FJI,"Adjusted net enrolment rate, lower secondary, male (%)",UIS.NERA.2.M,..
Finland,FIN,"Adjusted net enrolment rate, lower secondary, female (%)",UIS.NERA.2.F,96.5737686157227
Finland,FIN,"Adjusted net enrolment rate, lower secondary, male (%)",UIS.NERA.2.M,95.8955383300781
France,FRA,"Adjusted net enrolment rate, lower secondary, female (%)",UIS.NERA.2.F,96.7452392578125
France,FRA,"Adjusted net enrolment rate, lower secondary, male (%)",UIS.NERA.2.M,95.4043731689453
French Polynesia,PYF,"Adjusted net enrolment rate, lower secondary, female (%)",UIS.NERA.2.F,..
French Polynesia,PYF,"Adjusted net enrolment rate, lower secondary, male (%)",UIS.NERA.2.M,..
Gabon,GAB,"Adjusted net enrolment rate, lower secondary, female (%)",UIS.NERA.2.F,..
Gabon,GAB,"Adjusted net enrolment rate, lower secondary, male (%)",UIS.NERA.2.M,..
"Gambia, The",GMB,"Adjusted net enrolment rate, lower secondary, female (%)",UIS.NERA.2.F,..
"Gambia, The",GMB,"Adjusted net enrolment rate, lower secondary, male (%)",UIS.NERA.2.M,..
Georgia,GEO,"Adjusted net enrolment rate, lower secondary, female (%)",UIS.NERA.2.F,92.0315628051758
Georgia,GEO,"Adjusted net enrolment rate, lower secondary, male (%)",UIS.NERA.2.M,93.4878311157227
Germany,DEU,"Adjusted net enrolment rate, lower secondary, female (%)",UIS.NERA.2.F,..
Germany,DEU,"Adjusted net enrolment rate, lower secondary, male (%)",UIS.NERA.2.M,..
Ghana,GHA,"Adjusted net enrolment rate, lower secondary, female (%)",UIS.NERA.2.F,51.7220993041992
Ghana,GHA,"Adjusted net enrolment rate, lower secondary, male (%)",UIS.NERA.2.M,51.5283889770508
Gibraltar,GIB,"Adjusted net enrolment rate, lower secondary, female (%)",UIS.NERA.2.F,..
Gibraltar,GIB,"Adjusted net enrolment rate, lower secondary, male (%)",UIS.NERA.2.M,..
Greece,GRC,"Adjusted net enrolment rate, lower secondary, female (%)",UIS.NERA.2.F,..
Greece,GRC,"Adjusted net enrolment rate, lower secondary, male (%)",UIS.NERA.2.M,..
Greenland,GRL,"Adjusted net enrolment rate, lower secondary, female (%)",UIS.NERA.2.F,..
Greenland,GRL,"Adjusted net enrolment rate, lower secondary, male (%)",UIS.NERA.2.M,..
Grenada,GRD,"Adjusted net enrolment rate, lower secondary, female (%)",UIS.NERA.2.F,86.3554077148438
Grenada,GRD,"Adjusted net enrolment rate, lower secondary, male (%)",UIS.NERA.2.M,85.709342956543
Guam,GUM,"Adjusted net enrolment rate, lower secondary, female (%)",UIS.NERA.2.F,..
Guam,GUM,"Adjusted net enrolment rate, lower secondary, male (%)",UIS.NERA.2.M,..
Guatemala,GTM,"Adjusted net enrolment rate, lower secondary, female (%)",UIS.NERA.2.F,47.6458702087402
Guatemala,GTM,"Adjusted net enrolment rate, lower secondary, male (%)",UIS.NERA.2.M,48.8923606872559
Guinea,GIN,"Adjusted net enrolment rate, lower secondary, female (%)",UIS.NERA.2.F,27.0323009490967
Guinea,GIN,"Adjusted net enrolment rate, lower secondary, male (%)",UIS.NERA.2.M,38.2369499206543
Guinea-Bissau,GNB,"Adjusted net enrolment rate, lower secondary, female (%)",UIS.NERA.2.F,..
Guinea-Bissau,GNB,"Adjusted net enrolment rate, lower secondary, male (%)",UIS.NERA.2.M,..
Guyana,GUY,"Adjusted net enrolment rate, lower secondary, female (%)",UIS.NERA.2.F,..
Guyana,GUY,"Adjusted net enrolment rate, lower secondary, male (%)",UIS.NERA.2.M,..
Haiti,HTI,"Adjusted net enrolment rate, lower secondary, female (%)",UIS.NERA.2.F,..
Haiti,HTI,"Adjusted net enrolment rate, lower secondary, male (%)",UIS.NERA.2.M,..
Heavily indebted poor countries (HIPC),HPC,"Adjusted net enrolment rate, lower secondary, female (%)",UIS.NERA.2.F,..
Heavily indebted poor countries (HIPC),HPC,"Adjusted net enrolment rate, lower secondary, male (%)",UIS.NERA.2.M,..
High income,HIC,"Adjusted net enrolment rate, lower secondary, female (%)",UIS.NERA.2.F,..
High income,HIC,"Adjusted net enrolment rate, lower secondary, male (%)",UIS.NERA.2.M,..
Honduras,HND,"Adjusted net enrolment rate, lower secondary, female (%)",UIS.NERA.2.F,52.0901184082031
Honduras,HND,"Adjusted net enrolment rate, lower secondary, male (%)",UIS.NERA.2.M,44.8857688903809
"Hong Kong SAR, China",HKG,"Adjusted net enrolment rate, lower secondary, female (%)",UIS.NERA.2.F,92.2465515136719
"Hong Kong SAR, China",HKG,"Adjusted net enrolment rate, lower secondary, male (%)",UIS.NERA.2.M,93.1574630737305
Hungary,HUN,"Adjusted net enrolment rate, lower secondary, female (%)",UIS.NERA.2.F,95.9966812133789
Hungary,HUN,"Adjusted net enrolment rate, lower secondary, male (%)",UIS.NERA.2.M,95.1010437011719
Iceland,ISL,"Adjusted net enrolment rate, lower secondary, female (%)",UIS.NERA.2.F,..
Iceland,ISL,"Adjusted net enrolment rate, lower secondary, male (%)",UIS.NERA.2.M,..
India,IND,"Adjusted net enrolment rate, lower secondary, female (%)",UIS.NERA.2.F,..
India,IND,"Adjusted net enrolment rate, lower secondary, male (%)",UIS.NERA.2.M,..
Indonesia,IDN,"Adjusted net enrolment rate, lower secondary, female (%)",UIS.NERA.2.F,82.4132080078125
Indonesia,IDN,"Adjusted net enrolment rate, lower secondary, male (%)",UIS.NERA.2.M,77.7641906738281
"Iran, Islamic Rep.",IRN,"Adjusted net enrolment rate, lower secondary, female (%)",UIS.NERA.2.F,92.0444564819336
"Iran, Islamic Rep.",IRN,"Adjusted net enrolment rate, lower secondary, male (%)",UIS.NERA.2.M,90.7225112915039
Iraq,IRQ,"Adjusted net enrolment rate, lower secondary, female (%)",UIS.NERA.2.F,..
Iraq,IRQ,"Adjusted net enrolment rate, lower secondary, male (%)",UIS.NERA.2.M,..
Ireland,IRL,"Adjusted net enrolment rate, lower secondary, female (%)",UIS.NERA.2.F,..
Ireland,IRL,"Adjusted net enrolment rate, lower secondary, male (%)",UIS.NERA.2.M,..
Isle of Man,IMN,"Adjusted net enrolment rate, lower secondary, female (%)",UIS.NERA.2.F,..
Isle of Man,IMN,"Adjusted net enrolment rate, lower secondary, male (%)",UIS.NERA.2.M,..
Israel,ISR,"Adjusted net enrolment rate, lower secondary, female (%)",UIS.NERA.2.F,94.3008728027344
Israel,ISR,"Adjusted net enrolment rate, lower secondary, male (%)",UIS.NERA.2.M,93.5478134155273
Italy,ITA,"Adjusted net enrolment rate, lower secondary, female (%)",UIS.NERA.2.F,..
Italy,ITA,"Adjusted net enrolment rate, lower secondary, male (%)",UIS.NERA.2.M,..
Jamaica,JAM,"Adjusted net enrolment rate, lower secondary, female (%)",UIS.NERA.2.F,77.6588287353516
Jamaica,JAM,"Adjusted net enrolment rate, lower secondary, male (%)",UIS.NERA.2.M,68.7198104858398
Japan,JPN,"Adjusted net enrolment rate, lower secondary, female (%)",UIS.NERA.2.F,..
Japan,JPN,"Adjusted net enrolment rate, lower secondary, male (%)",UIS.NERA.2.M,..
Jordan,JOR,"Adjusted net enrolment rate, lower secondary, female (%)",UIS.NERA.2.F,..
Jordan,JOR,"Adjusted net enrolment rate, lower secondary, male (%)",UIS.NERA.2.M,..
Kazakhstan,KAZ,"Adjusted net enrolment rate, lower secondary, female (%)",UIS.NERA.2.F,99.4256591796875
Kazakhstan,KAZ,"Adjusted net enrolment rate, lower secondary, male (%)",UIS.NERA.2.M,98.6990280151367
Kenya,KEN,"Adjusted net enrolment rate, lower secondary, female (%)",UIS.NERA.2.F,..
Kenya,KEN,"Adjusted net enrolment rate, lower secondary, male (%)",UIS.NERA.2.M,..
Kiribati,KIR,"Adjusted net enrolment rate, lower secondary, female (%)",UIS.NERA.2.F,..
Kiribati,KIR,"Adjusted net enrolment rate, lower secondary, male (%)",UIS.NERA.2.M,..
"Korea, Dem. People’s Rep.",PRK,"Adjusted net enrolment rate, lower secondary, female (%)",UIS.NERA.2.F,..
"Korea, Dem. People’s Rep.",PRK,"Adjusted net enrolment rate, lower secondary, male (%)",UIS.NERA.2.M,..
"Korea, Rep.",KOR,"Adjusted net enrolment rate, lower secondary, female (%)",UIS.NERA.2.F,..
"Korea, Rep.",KOR,"Adjusted net enrolment rate, lower secondary, male (%)",UIS.NERA.2.M,..
Kosovo,XKX,"Adjusted net enrolment rate, lower secondary, female (%)",UIS.NERA.2.F,..
Kosovo,XKX,"Adjusted net enrolment rate, lower secondary, male (%)",UIS.NERA.2.M,..
Kuwait,KWT,"Adjusted net enrolment rate, lower secondary, female (%)",UIS.NERA.2.F,..
Kuwait,KWT,"Adjusted net enrolment rate, lower secondary, male (%)",UIS.NERA.2.M,..
Kyrgyz Republic,KGZ,"Adjusted net enrolment rate, lower secondary, female (%)",UIS.NERA.2.F,90.5208206176758
Kyrgyz Republic,KGZ,"Adjusted net enrolment rate, lower secondary, male (%)",UIS.NERA.2.M,90.0109100341797
Lao PDR,LAO,"Adjusted net enrolment rate, lower secondary, female (%)",UIS.NERA.2.F,53.9182014465332
Lao PDR,LAO,"Adjusted net enrolment rate, lower secondary, male (%)",UIS.NERA.2.M,52.3557891845703
Latin America & Caribbean,LCN,"Adjusted net enrolment rate, lower secondary, female (%)",UIS.NERA.2.F,..
Latin America & Caribbean,LCN,"Adjusted net enrolment rate, lower secondary, male (%)",UIS.NERA.2.M,..
Latin America & Caribbean (excluding high income),LAC,"Adjusted net enrolment rate, lower secondary, female (%)",UIS.NERA.2.F,..
Latin America & Caribbean (excluding high income),LAC,"Adjusted net enrolment rate, lower secondary, male (%)",UIS.NERA.2.M,..
Latvia,LVA,"Adjusted net enrolment rate, lower secondary, female (%)",UIS.NERA.2.F,95.2294692993164
Latvia,LVA,"Adjusted net enrolment rate, lower secondary, male (%)",UIS.NERA.2.M,90.4060211181641
Least developed countries: UN classification,LDC,"Adjusted net enrolment rate, lower secondary, female (%)",UIS.NERA.2.F,..
Least developed countries: UN classification,LDC,"Adjusted net enrolment rate, lower secondary, male (%)",UIS.NERA.2.M,..
Lebanon,LBN,"Adjusted net enrolment rate, lower secondary, female (%)",UIS.NERA.2.F,..
Lebanon,LBN,"Adjusted net enrolment rate, lower secondary, male (%)",UIS.NERA.2.M,..
Lesotho,LSO,"Adjusted net enrolment rate, lower secondary, female (%)",UIS.NERA.2.F,37.3291015625
Lesotho,LSO,"Adjusted net enrolment rate, lower secondary, male (%)",UIS.NERA.2.M,20.69993019104
Liberia,LBR,"Adjusted net enrolment rate, lower secondary, female (%)",UIS.NERA.2.F,..
Liberia,LBR,"Adjusted net enrolment rate, lower secondary, male (%)",UIS.NERA.2.M,..
Libya,LBY,"Adjusted net enrolment rate, lower secondary, female (%)",UIS.NERA.2.F,..
Libya,LBY,"Adjusted net enrolment rate, lower secondary, male (%)",UIS.NERA.2.M,..
Liechtenstein,LIE,"Adjusted net enrolment rate, lower secondary, female (%)",UIS.NERA.2.F,91.9632415771484
Liechtenstein,LIE,"Adjusted net enrolment rate, lower secondary, male (%)",UIS.NERA.2.M,96.9773330688477
Lithuania,LTU,"Adjusted net enrolment rate, lower secondary, female (%)",UIS.NERA.2.F,99.5484771728516
Lithuania,LTU,"Adjusted net enrolment rate, lower secondary, male (%)",UIS.NERA.2.M,99.270637512207
Low & middle income,LMY,"Adjusted net enrolment rate, lower secondary, female (%)",UIS.NERA.2.F,..
Low & middle income,LMY,"Adjusted net enrolment rate, lower secondary, male (%)",UIS.NERA.2.M,..
Low income,LIC,"Adjusted net enrolment rate, lower secondary, female (%)",UIS.NERA.2.F,..
Low income,LIC,"Adjusted net enrolment rate, lower secondary, male (%)",UIS.NERA.2.M,..
Lower middle income,LMC,"Adjusted net enrolment rate, lower secondary, female (%)",UIS.NERA.2.F,..
Lower middle income,LMC,"Adjusted net enrolment rate, lower secondary, male (%)",UIS.NERA.2.M,..
Luxembourg,LUX,"Adjusted net enrolment rate, lower secondary, female (%)",UIS.NERA.2.F,..
Luxembourg,LUX,"Adjusted net enrolment rate, lower secondary, male (%)",UIS.NERA.2.M,..
"Macao SAR, China",MAC,"Adjusted net enrolment rate, lower secondary, female (%)",UIS.NERA.2.F,78.57958984375
"Macao SAR, China",MAC,"Adjusted net enrolment rate, lower secondary, male (%)",UIS.NERA.2.M,73.1765594482422
"Macedonia, FYR",MKD,"Adjusted net enrolment rate, lower secondary, female (%)",UIS.NERA.2.F,..
"Macedonia, FYR",MKD,"Adjusted net enrolment rate, lower secondary, male (%)",UIS.NERA.2.M,..
Madagascar,MDG,"Adjusted net enrolment rate, lower secondary, female (%)",UIS.NERA.2.F,31.9408092498779
Madagascar,MDG,"Adjusted net enrolment rate, lower secondary, male (%)",UIS.NERA.2.M,28.1487102508545
Malawi,MWI,"Adjusted net enrolment rate, lower secondary, female (%)",UIS.NERA.2.F,31.8440895080566
Malawi,MWI,"Adjusted net enrolment rate, lower secondary, male (%)",UIS.NERA.2.M,30.5565605163574
Malaysia,MYS,"Adjusted net enrolment rate, lower secondary, female (%)",UIS.NERA.2.F,..
Malaysia,MYS,"Adjusted net enrolment rate, lower secondary, male (%)",UIS.NERA.2.M,..
Maldives,MDV,"Adjusted net enrolment rate, lower secondary, female (%)",UIS.NERA.2.F,..
Maldives,MDV,"Adjusted net enrolment rate, lower secondary, male (%)",UIS.NERA.2.M,..
Mali,MLI,"Adjusted net enrolment rate, lower secondary, female (%)",UIS.NERA.2.F,35.0510292053223
Mali,MLI,"Adjusted net enrolment rate, lower secondary, male (%)",UIS.NERA.2.M,43.6486015319824
Malta,MLT,"Adjusted net enrolment rate, lower secondary, female (%)",UIS.NERA.2.F,80.4087677001953
Malta,MLT,"Adjusted net enrolment rate, lower secondary, male (%)",UIS.NERA.2.M,92.2518463134766
Marshall Islands,MHL,"Adjusted net enrolment rate, lower secondary, female (%)",UIS.NERA.2.F,..
Marshall Islands,MHL,"Adjusted net enrolment rate, lower secondary, male (%)",UIS.NERA.2.M,..
Mauritania,MRT,"Adjusted net enrolment rate, lower secondary, female (%)",UIS.NERA.2.F,19.895450592041
Mauritania,MRT,"Adjusted net enrolment rate, lower secondary, male (%)",UIS.NERA.2.M,21.4528408050537
Mauritius,MUS,"Adjusted net enrolment rate, lower secondary, female (%)",UIS.NERA.2.F,..
Mauritius,MUS,"Adjusted net enrolment rate, lower secondary, male (%)",UIS.NERA.2.M,..
Mexico,MEX,"Adjusted net enrolment rate, lower secondary, female (%)",UIS.NERA.2.F,..
Mexico,MEX,"Adjusted net enrolment rate, lower secondary, male (%)",UIS.NERA.2.M,..
"Micronesia, Fed. Sts.",FSM,"Adjusted net enrolment rate, lower secondary, female (%)",UIS.NERA.2.F,..
"Micronesia, Fed. Sts.",FSM,"Adjusted net enrolment rate, lower secondary, male (%)",UIS.NERA.2.M,..
Middle East & North Africa,MEA,"Adjusted net enrolment rate, lower secondary, female (%)",UIS.NERA.2.F,..
Middle East & North Africa,MEA,"Adjusted net enrolment rate, lower secondary, male (%)",UIS.NERA.2.M,..
Middle East & North Africa (excluding high income),MNA,"Adjusted net enrolment rate, lower secondary, female (%)",UIS.NERA.2.F,..
Middle East & North Africa (excluding high income),MNA,"Adjusted net enrolment rate, lower secondary, male (%)",UIS.NERA.2.M,..
Middle income,MIC,"Adjusted net enrolment rate, lower secondary, female (%)",UIS.NERA.2.F,..
Middle income,MIC,"Adjusted net enrolment rate, lower secondary, male (%)",UIS.NERA.2.M,..
Moldova,MDA,"Adjusted net enrolment rate, lower secondary, female (%)",UIS.NERA.2.F,84.1536102294922
Moldova,MDA,"Adjusted net enrolment rate, lower secondary, male (%)",UIS.NERA.2.M,84.4838790893555
Monaco,MCO,"Adjusted net enrolment rate, lower secondary, female (%)",UIS.NERA.2.F,..
Monaco,MCO,"Adjusted net enrolment rate, lower secondary, male (%)",UIS.NERA.2.M,..
Mongolia,MNG,"Adjusted net enrolment rate, lower secondary, female (%)",UIS.NERA.2.F,93.8837280273438
Mongolia,MNG,"Adjusted net enrolment rate, lower secondary, male (%)",UIS.NERA.2.M,91.7478485107422
Montenegro,MNE,"Adjusted net enrolment rate, lower secondary, female (%)",UIS.NERA.2.F,..
Montenegro,MNE,"Adjusted net enrolment rate, lower secondary, male (%)",UIS.NERA.2.M,..
Morocco,MAR,"Adjusted net enrolment rate, lower secondary, female (%)",UIS.NERA.2.F,..
Morocco,MAR,"Adjusted net enrolment rate, lower secondary, male (%)",UIS.NERA.2.M,..
Mozambique,MOZ,"Adjusted net enrolment rate, lower secondary, female (%)",UIS.NERA.2.F,16.9512996673584
Mozambique,MOZ,"Adjusted net enrolment rate, lower secondary, male (%)",UIS.NERA.2.M,15.2897901535034
Myanmar,MMR,"Adjusted net enrolment rate, lower secondary, female (%)",UIS.NERA.2.F,52.3336410522461
Myanmar,MMR,"Adjusted net enrolment rate, lower secondary, male (%)",UIS.NERA.2.M,52.5738182067871
Namibia,NAM,"Adjusted net enrolment rate, lower secondary, female (%)",UIS.NERA.2.F,..
Namibia,NAM,"Adjusted net enrolment rate, lower secondary, male (%)",UIS.NERA.2.M,..
Nauru,NRU,"Adjusted net enrolment rate, lower secondary, female (%)",UIS.NERA.2.F,85.371696472168
Nauru,NRU,"Adjusted net enrolment rate, lower secondary, male (%)",UIS.NERA.2.M,82.0276489257813
Nepal,NPL,"Adjusted net enrolment rate, lower secondary, female (%)",UIS.NERA.2.F,56.0544586181641
Nepal,NPL,"Adjusted net enrolment rate, lower secondary, male (%)",UIS.NERA.2.M,52.8373489379883
Netherlands,NLD,"Adjusted net enrolment rate, lower secondary, female (%)",UIS.NERA.2.F,..
Netherlands,NLD,"Adjusted net enrolment rate, lower secondary, male (%)",UIS.NERA.2.M,..
New Caledonia,NCL,"Adjusted net enrolment rate, lower secondary, female (%)",UIS.NERA.2.F,..
New Caledonia,NCL,"Adjusted net enrolment rate, lower secondary, male (%)",UIS.NERA.2.M,..
New Zealand,NZL,"Adjusted net enrolment rate, lower secondary, female (%)",UIS.NERA.2.F,98.4694366455078
New Zealand,NZL,"Adjusted net enrolment rate, lower secondary, male (%)",UIS.NERA.2.M,97.9201736450195
Nicaragua,NIC,"Adjusted net enrolment rate, lower secondary, female (%)",UIS.NERA.2.F,..
Nicaragua,NIC,"Adjusted net enrolment rate, lower secondary, male (%)",UIS.NERA.2.M,..
Niger,NER,"Adjusted net enrolment rate, lower secondary, female (%)",UIS.NERA.2.F,15.4289503097534
Niger,NER,"Adjusted net enrolment rate, lower secondary, male (%)",UIS.NERA.2.M,21.5510196685791
Nigeria,NGA,"Adjusted net enrolment rate, lower secondary, female (%)",UIS.NERA.2.F,..
Nigeria,NGA,"Adjusted net enrolment rate, lower secondary, male (%)",UIS.NERA.2.M,..
North America,NAC,"Adjusted net enrolment rate, lower secondary, female (%)",UIS.NERA.2.F,..
North America,NAC,"Adjusted net enrolment rate, lower secondary, male (%)",UIS.NERA.2.M,..
Northern Mariana Islands,MNP,"Adjusted net enrolment rate, lower secondary, female (%)",UIS.NERA.2.F,..
Northern Mariana Islands,MNP,"Adjusted net enrolment rate, lower secondary, male (%)",UIS.NERA.2.M,..
Norway,NOR,"Adjusted net enrolment rate, lower secondary, female (%)",UIS.NERA.2.F,99.6837692260742
Norway,NOR,"Adjusted net enrolment rate, lower secondary, male (%)",UIS.NERA.2.M,99.3913116455078
OECD members,OED,"Adjusted net enrolment rate, lower secondary, female (%)",UIS.NERA.2.F,..
OECD members,OED,"Adjusted net enrolment rate, lower secondary, male (%)",UIS.NERA.2.M,..
Oman,OMN,"Adjusted net enrolment rate, lower secondary, female (%)",UIS.NERA.2.F,99.1374206542969
Oman,OMN,"Adjusted net enrolment rate, lower secondary, male (%)",UIS.NERA.2.M,94.337028503418
Pakistan,PAK,"Adjusted net enrolment rate, lower secondary, female (%)",UIS.NERA.2.F,47.3400192260742
Pakistan,PAK,"Adjusted net enrolment rate, lower secondary, male (%)",UIS.NERA.2.M,57.1286506652832
Palau,PLW,"Adjusted net enrolment rate, lower secondary, female (%)",UIS.NERA.2.F,66.9144973754883
Palau,PLW,"Adjusted net enrolment rate, lower secondary, male (%)",UIS.NERA.2.M,49.5832786560059
Panama,PAN,"Adjusted net enrolment rate, lower secondary, female (%)",UIS.NERA.2.F,..
Panama,PAN,"Adjusted net enrolment rate, lower secondary, male (%)",UIS.NERA.2.M,..
Papua New Guinea,PNG,"Adjusted net enrolment rate, lower secondary, female (%)",UIS.NERA.2.F,..
Papua New Guinea,PNG,"Adjusted net enrolment rate, lower secondary, male (%)",UIS.NERA.2.M,..
Paraguay,PRY,"Adjusted net enrolment rate, lower secondary, female (%)",UIS.NERA.2.F,..
Paraguay,PRY,"Adjusted net enrolment rate, lower secondary, male (%)",UIS.NERA.2.M,..
Peru,PER,"Adjusted net enrolment rate, lower secondary, female (%)",UIS.NERA.2.F,79.1147918701172
Peru,PER,"Adjusted net enrolment rate, lower secondary, male (%)",UIS.NERA.2.M,76.5491180419922
Philippines,PHL,"Adjusted net enrolment rate, lower secondary, female (%)",UIS.NERA.2.F,..
Philippines,PHL,"Adjusted net enrolment rate, lower secondary, male (%)",UIS.NERA.2.M,..
Poland,POL,"Adjusted net enrolment rate, lower secondary, female (%)",UIS.NERA.2.F,..
Poland,POL,"Adjusted net enrolment rate, lower secondary, male (%)",UIS.NERA.2.M,..
Portugal,PRT,"Adjusted net enrolment rate, lower secondary, female (%)",UIS.NERA.2.F,87.4452972412109
Portugal,PRT,"Adjusted net enrolment rate, lower secondary, male (%)",UIS.NERA.2.M,82.9933929443359
Puerto Rico,PRI,"Adjusted net enrolment rate, lower secondary, female (%)",UIS.NERA.2.F,..
Puerto Rico,PRI,"Adjusted net enrolment rate, lower secondary, male (%)",UIS.NERA.2.M,..
Qatar,QAT,"Adjusted net enrolment rate, lower secondary, female (%)",UIS.NERA.2.F,..
Qatar,QAT,"Adjusted net enrolment rate, lower secondary, male (%)",UIS.NERA.2.M,..
Romania,ROU,"Adjusted net enrolment rate, lower secondary, female (%)",UIS.NERA.2.F,89.3997497558594
Romania,ROU,"Adjusted net enrolment rate, lower secondary, male (%)",UIS.NERA.2.M,88.9810028076172
Russian Federation,RUS,"Adjusted net enrolment rate, lower secondary, female (%)",UIS.NERA.2.F,..
Russian Federation,RUS,"Adjusted net enrolment rate, lower secondary, male (%)",UIS.NERA.2.M,..
Rwanda,RWA,"Adjusted net enrolment rate, lower secondary, female (%)",UIS.NERA.2.F,..
Rwanda,RWA,"Adjusted net enrolment rate, lower secondary, male (%)",UIS.NERA.2.M,..
Samoa,WSM,"Adjusted net enrolment rate, lower secondary, female (%)",UIS.NERA.2.F,67.6443634033203
Samoa,WSM,"Adjusted net enrolment rate, lower secondary, male (%)",UIS.NERA.2.M,63.8491516113281
San Marino,SMR,"Adjusted net enrolment rate, lower secondary, female (%)",UIS.NERA.2.F,..
San Marino,SMR,"Adjusted net enrolment rate, lower secondary, male (%)",UIS.NERA.2.M,..
Sao Tome and Principe,STP,"Adjusted net enrolment rate, lower secondary, female (%)",UIS.NERA.2.F,..
Sao Tome and Principe,STP,"Adjusted net enrolment rate, lower secondary, male (%)",UIS.NERA.2.M,..
Saudi Arabia,SAU,"Adjusted net enrolment rate, lower secondary, female (%)",UIS.NERA.2.F,65.4811325073242
Saudi Arabia,SAU,"Adjusted net enrolment rate, lower secondary, male (%)",UIS.NERA.2.M,80.7010498046875
Senegal,SEN,"Adjusted net enrolment rate, lower secondary, female (%)",UIS.NERA.2.F,..
Senegal,SEN,"Adjusted net enrolment rate, lower secondary, male (%)",UIS.NERA.2.M,..
Serbia,SRB,"Adjusted net enrolment rate, lower secondary, female (%)",UIS.NERA.2.F,98.2864227294922
Serbia,SRB,"Adjusted net enrolment rate, lower secondary, male (%)",UIS.NERA.2.M,97.706787109375
Seychelles,SYC,"Adjusted net enrolment rate, lower secondary, female (%)",UIS.NERA.2.F,91.6863479614258
Seychelles,SYC,"Adjusted net enrolment rate, lower secondary, male (%)",UIS.NERA.2.M,87.7691192626953
Sierra Leone,SLE,"Adjusted net enrolment rate, lower secondary, female (%)",UIS.NERA.2.F,..
Sierra Leone,SLE,"Adjusted net enrolment rate, lower secondary, male (%)",UIS.NERA.2.M,..
Singapore,SGP,"Adjusted net enrolment rate, lower secondary, female (%)",UIS.NERA.2.F,..
Singapore,SGP,"Adjusted net enrolment rate, lower secondary, male (%)",UIS.NERA.2.M,..
Sint Maarten (Dutch part),SXM,"Adjusted net enrolment rate, lower secondary, female (%)",UIS.NERA.2.F,..
Sint Maarten (Dutch part),SXM,"Adjusted net enrolment rate, lower secondary, male (%)",UIS.NERA.2.M,..
Slovak Republic,SVK,"Adjusted net enrolment rate, lower secondary, female (%)",UIS.NERA.2.F,..
Slovak Republic,SVK,"Adjusted net enrolment rate, lower secondary, male (%)",UIS.NERA.2.M,..
Slovenia,SVN,"Adjusted net enrolment rate, lower secondary, female (%)",UIS.NERA.2.F,96.7378082275391
Slovenia,SVN,"Adjusted net enrolment rate, lower secondary, male (%)",UIS.NERA.2.M,95.1744003295898
Solomon Islands,SLB,"Adjusted net enrolment rate, lower secondary, female (%)",UIS.NERA.2.F,..
Solomon Islands,SLB,"Adjusted net enrolment rate, lower secondary, male (%)",UIS.NERA.2.M,..
Somalia,SOM,"Adjusted net enrolment rate, lower secondary, female (%)",UIS.NERA.2.F,..
Somalia,SOM,"Adjusted net enrolment rate, lower secondary, male (%)",UIS.NERA.2.M,..
South Africa,ZAF,"Adjusted net enrolment rate, lower secondary, female (%)",UIS.NERA.2.F,..
South Africa,ZAF,"Adjusted net enrolment rate, lower secondary, male (%)",UIS.NERA.2.M,..
South Asia,SAS,"Adjusted net enrolment rate, lower secondary, female (%)",UIS.NERA.2.F,..
South Asia,SAS,"Adjusted net enrolment rate, lower secondary, male (%)",UIS.NERA.2.M,..
South Sudan,SSD,"Adjusted net enrolment rate, lower secondary, female (%)",UIS.NERA.2.F,..
South Sudan,SSD,"Adjusted net enrolment rate, lower secondary, male (%)",UIS.NERA.2.M,..
Spain,ESP,"Adjusted net enrolment rate, lower secondary, female (%)",UIS.NERA.2.F,95.1365966796875
Spain,ESP,"Adjusted net enrolment rate, lower secondary, male (%)",UIS.NERA.2.M,93.074348449707
Sri Lanka,LKA,"Adjusted net enrolment rate, lower secondary, female (%)",UIS.NERA.2.F,..
Sri Lanka,LKA,"Adjusted net enrolment rate, lower secondary, male (%)",UIS.NERA.2.M,..
St. Kitts and Nevis,KNA,"Adjusted net enrolment rate, lower secondary, female (%)",UIS.NERA.2.F,89.7038116455078
St. Kitts and Nevis,KNA,"Adjusted net enrolment rate, lower secondary, male (%)",UIS.NERA.2.M,84.6418685913086
St. Lucia,LCA,"Adjusted net enrolment rate, lower secondary, female (%)",UIS.NERA.2.F,..
St. Lucia,LCA,"Adjusted net enrolment rate, lower secondary, male (%)",UIS.NERA.2.M,..
St. Martin (French part),MAF,"Adjusted net enrolment rate, lower secondary, female (%)",UIS.NERA.2.F,..
St. Martin (French part),MAF,"Adjusted net enrolment rate, lower secondary, male (%)",UIS.NERA.2.M,..
St. Vincent and the Grenadines,VCT,"Adjusted net enrolment rate, lower secondary, female (%)",UIS.NERA.2.F,..
St. Vincent and the Grenadines,VCT,"Adjusted net enrolment rate, lower secondary, male (%)",UIS.NERA.2.M,..
Sub-Saharan Africa,SSF,"Adjusted net enrolment rate, lower secondary, female (%)",UIS.NERA.2.F,..
Sub-Saharan Africa,SSF,"Adjusted net enrolment rate, lower secondary, male (%)",UIS.NERA.2.M,..
Sub-Saharan Africa (excluding high income),SSA,"Adjusted net enrolment rate, lower secondary, female (%)",UIS.NERA.2.F,..
Sub-Saharan Africa (excluding high income),SSA,"Adjusted net enrolment rate, lower secondary, male (%)",UIS.NERA.2.M,..
Sudan,SDN,"Adjusted net enrolment rate, lower secondary, female (%)",UIS.NERA.2.F,..
Sudan,SDN,"Adjusted net enrolment rate, lower secondary, male (%)",UIS.NERA.2.M,..
Suriname,SUR,"Adjusted net enrolment rate, lower secondary, female (%)",UIS.NERA.2.F,..
Suriname,SUR,"Adjusted net enrolment rate, lower secondary, male (%)",UIS.NERA.2.M,..
Swaziland,SWZ,"Adjusted net enrolment rate, lower secondary, female (%)",UIS.NERA.2.F,..
Swaziland,SWZ,"Adjusted net enrolment rate, lower secondary, male (%)",UIS.NERA.2.M,..
Sweden,SWE,"Adjusted net enrolment rate, lower secondary, female (%)",UIS.NERA.2.F,98.9076766967773
Sweden,SWE,"Adjusted net enrolment rate, lower secondary, male (%)",UIS.NERA.2.M,97.9855194091797
Switzerland,CHE,"Adjusted net enrolment rate, lower secondary, female (%)",UIS.NERA.2.F,97.5913391113281
Switzerland,CHE,"Adjusted net enrolment rate, lower secondary, male (%)",UIS.NERA.2.M,96.7528762817383
Syrian Arab Republic,SYR,"Adjusted net enrolment rate, lower secondary, female (%)",UIS.NERA.2.F,..
Syrian Arab Republic,SYR,"Adjusted net enrolment rate, lower secondary, male (%)",UIS.NERA.2.M,..
Tajikistan,TJK,"Adjusted net enrolment rate, lower secondary, female (%)",UIS.NERA.2.F,..
Tajikistan,TJK,"Adjusted net enrolment rate, lower secondary, male (%)",UIS.NERA.2.M,..
Tanzania,TZA,"Adjusted net enrolment rate, lower secondary, female (%)",UIS.NERA.2.F,..
Tanzania,TZA,"Adjusted net enrolment rate, lower secondary, male (%)",UIS.NERA.2.M,..
Thailand,THA,"Adjusted net enrolment rate, lower secondary, female (%)",UIS.NERA.2.F,82.7080230712891
Thailand,THA,"Adjusted net enrolment rate, lower secondary, male (%)",UIS.NERA.2.M,80.2455825805664
Timor-Leste,TLS,"Adjusted net enrolment rate, lower secondary, female (%)",UIS.NERA.2.F,44.8166198730469
Timor-Leste,TLS,"Adjusted net enrolment rate, lower secondary, male (%)",UIS.NERA.2.M,35.5879516601563
Togo,TGO,"Adjusted net enrolment rate, lower secondary, female (%)",UIS.NERA.2.F,..
Togo,TGO,"Adjusted net enrolment rate, lower secondary, male (%)",UIS.NERA.2.M,..
Tonga,TON,"Adjusted net enrolment rate, lower secondary, female (%)",UIS.NERA.2.F,91.3088607788086
Tonga,TON,"Adjusted net enrolment rate, lower secondary, male (%)",UIS.NERA.2.M,83.3516387939453
Trinidad and Tobago,TTO,"Adjusted net enrolment rate, lower secondary, female (%)",UIS.NERA.2.F,..
Trinidad and Tobago,TTO,"Adjusted net enrolment rate, lower secondary, male (%)",UIS.NERA.2.M,..
Tunisia,TUN,"Adjusted net enrolment rate, lower secondary, female (%)",UIS.NERA.2.F,..
Tunisia,TUN,"Adjusted net enrolment rate, lower secondary, male (%)",UIS.NERA.2.M,..
Turkey,TUR,"Adjusted net enrolment rate, lower secondary, female (%)",UIS.NERA.2.F,..
Turkey,TUR,"Adjusted net enrolment rate, lower secondary, male (%)",UIS.NERA.2.M,..
Turkmenistan,TKM,"Adjusted net enrolment rate, lower secondary, female (%)",UIS.NERA.2.F,..
Turkmenistan,TKM,"Adjusted net enrolment rate, lower secondary, male (%)",UIS.NERA.2.M,..
Turks and Caicos Islands,TCA,"Adjusted net enrolment rate, lower secondary, female (%)",UIS.NERA.2.F,..
Turks and Caicos Islands,TCA,"Adjusted net enrolment rate, lower secondary, male (%)",UIS.NERA.2.M,..
Tuvalu,TUV,"Adjusted net enrolment rate, lower secondary, female (%)",UIS.NERA.2.F,92.5742568969727
Tuvalu,TUV,"Adjusted net enrolment rate, lower secondary, male (%)",UIS.NERA.2.M,81.0690383911133
Uganda,UGA,"Adjusted net enrolment rate, lower secondary, female (%)",UIS.NERA.2.F,..
Uganda,UGA,"Adjusted net enrolment rate, lower secondary, male (%)",UIS.NERA.2.M,..
Ukraine,UKR,"Adjusted net enrolment rate, lower secondary, female (%)",UIS.NERA.2.F,93.4686584472656
Ukraine,UKR,"Adjusted net enrolment rate, lower secondary, male (%)",UIS.NERA.2.M,92.7088394165039
United Arab Emirates,ARE,"Adjusted net enrolment rate, lower secondary, female (%)",UIS.NERA.2.F,..
United Arab Emirates,ARE,"Adjusted net enrolment rate, lower secondary, male (%)",UIS.NERA.2.M,..
United Kingdom,GBR,"Adjusted net enrolment rate, lower secondary, female (%)",UIS.NERA.2.F,96.0943298339844
United Kingdom,GBR,"Adjusted net enrolment rate, lower secondary, male (%)",UIS.NERA.2.M,96.0712890625
United States,USA,"Adjusted net enrolment rate, lower secondary, female (%)",UIS.NERA.2.F,90.3819198608398
United States,USA,"Adjusted net enrolment rate, lower secondary, male (%)",UIS.NERA.2.M,86.1458969116211
Upper middle income,UMC,"Adjusted net enrolment rate, lower secondary, female (%)",UIS.NERA.2.F,..
Upper middle income,UMC,"Adjusted net enrolment rate, lower secondary, male (%)",UIS.NERA.2.M,..
Uruguay,URY,"Adjusted net enrolment rate, lower secondary, female (%)",UIS.NERA.2.F,..
Uruguay,URY,"Adjusted net enrolment rate, lower secondary, male (%)",UIS.NERA.2.M,..
Uzbekistan,UZB,"Adjusted net enrolment rate, lower secondary, female (%)",UIS.NERA.2.F,..
Uzbekistan,UZB,"Adjusted net enrolment rate, lower secondary, male (%)",UIS.NERA.2.M,..
Vanuatu,VUT,"Adjusted net enrolment rate, lower secondary, female (%)",UIS.NERA.2.F,..
Vanuatu,VUT,"Adjusted net enrolment rate, lower secondary, male (%)",UIS.NERA.2.M,..
"Venezuela, RB",VEN,"Adjusted net enrolment rate, lower secondary, female (%)",UIS.NERA.2.F,80.740119934082
"Venezuela, RB",VEN,"Adjusted net enrolment rate, lower secondary, male (%)",UIS.NERA.2.M,73.9217529296875
Vietnam,VNM,"Adjusted net enrolment rate, lower secondary, female (%)",UIS.NERA.2.F,..
Vietnam,VNM,"Adjusted net enrolment rate, lower secondary, male (%)",UIS.NERA.2.M,..
Virgin Islands (U.S.),VIR,"Adjusted net enrolment rate, lower secondary, female (%)",UIS.NERA.2.F,..
Virgin Islands (U.S.),VIR,"Adjusted net enrolment rate, lower secondary, male (%)",UIS.NERA.2.M,..
West Bank and Gaza,PSE,"Adjusted net enrolment rate, lower secondary, female (%)",UIS.NERA.2.F,86.9177627563477
West Bank and Gaza,PSE,"Adjusted net enrolment rate, lower secondary, male (%)",UIS.NERA.2.M,82.8375701904297
World,WLD,"Adjusted net enrolment rate, lower secondary, female (%)",UIS.NERA.2.F,..
World,WLD,"Adjusted net enrolment rate, lower secondary, male (%)",UIS.NERA.2.M,..
"Yemen, Rep.",YEM,"Adjusted net enrolment rate, lower secondary, female (%)",UIS.NERA.2.F,..
"Yemen, Rep.",YEM,"Adjusted net enrolment rate, lower secondary, male (%)",UIS.NERA.2.M,..
Zambia,ZMB,"Adjusted net enrolment rate, lower secondary, female (%)",UIS.NERA.2.F,..
Zambia,ZMB,"Adjusted net enrolment rate, lower secondary, male (%)",UIS.NERA.2.M,..
Zimbabwe,ZWE,"Adjusted net enrolment rate, lower secondary, female (%)",UIS.NERA.2.F,..
Zimbabwe,ZWE,"Adjusted net enrolment rate, lower secondary, male (%)",UIS.NERA.2.M,..
,,,,
,,,,
,,,,
Data from database: Education Statistics - All Indicators,,,,
Last Updated: 10/02/2017,,,,
